num_instructions,vla_clip_nrmse,random_selection_nrmse
1,0.23821992482352022,0.23821992482352022
2,0.20246512003674677,0.2125785535405212
4,0.1827985921102336,0.19689970233571316
8,0.17427499309262162,0.19644496052928218
16,0.17196982733356322,0.19187735832303995
32,0.1730667258571084,0.18813213224415914
64,0.17615915879191874,0.18889415603056617
128,0.18728715267910606,0.18775432831204156
