num_samples,vla_clip_nrmse,random_selection_nrmse
1,0.15629623710346408,0.1650434763210764
2,0.15204526862233164,0.16274363442798429
4,0.1491632424957262,0.16247127551712154
8,0.1513052452824644,0.1607958949591338
16,0.15125258514795495,0.16025837176712807
32,0.15165730191089286,0.16010205074081788
64,0.1526391280636327,0.1604293831882356
128,0.16010478382262264,0.16010478382262264
