num_samples,vla_clip_nrmse,monkey_verifier_nrmse,random_selection_nrmse
1,0.1667,0.1667,0.1667
2,0.153353501571439,0.15018196800889919,0.1640305507770613
4,0.1534720767915074,0.1494371184352454,0.16307608565289325
8,0.1531228507496078,0.1510285767249139,0.1607791246981726
16,0.15440712446731777,0.15057500818192182,0.1635685751261464
32,0.1546846964986879,0.15180784491267,0.16284852941058517
64,0.15571878605586348,0.15364361479120317,0.16296083718010407
