num_samples,vla_clip_nrmse,monkey_verifier_nrmse,random_selection_nrmse
1,0.15128017047238443,0.14782940047788704,0.16319902626872484
2,0.15076591645396512,0.1476478972420068,0.1612628082237291
4,0.15088249091453595,0.14691561576527806,0.16032444811004423
8,0.1505391574808872,0.14848022084492377,0.1580662445486726
16,0.1518017612169883,0.14803430551623442,0.1608086276430714
32,0.1520746496822837,0.1492463401789237,0.16010073150061022
64,0.15309129069918556,0.15105113449597232,0.16021114426342886